LastName,FirstName,DateOfBirth,SocialSecurityNumber,State
Mathews,John,02/24/1991,***-**-9165,ND
Moore,Nathan,11/19/1978,***-**-7469,ME
Douglas,Amanda,01/08/1990,***-**-6961,ID
Andrews,Heather,08/11/1976,***-**-1797,VT
Hernandez,Daniel,07/22/1976,***-**-7473,CO
Pena,Danny,01/31/1978,***-**-9878,MN
Knight,Gary,03/08/1994,***-**-1242,AR
Carroll,Robin,10/14/1972,***-**-7194,CA
Dickerson,Michelle,02/08/1984,***-**-2817,TN
Gallegos,Kimberly,08/05/1972,***-**-7563,OR
Parker,Morgan,01/30/1986,***-**-4320,TN
Rhodes,Mason,01/28/1977,***-**-4767,MD
Griffin,Amy,02/18/1973,***-**-1946,MA
House,Danielle,04/16/1975,***-**-9308,ME
Greene,Charles,11/28/1992,***-**-2935,KY
Martinez,Nicholas,04/05/1979,***-**-1689,LA
Meadows,Tracey,01/12/1988,***-**-6175,RI
Evans,Renee,03/14/1991,***-**-2708,MT
Estrada,Joseph,03/29/1984,***-**-2571,PA
Warner,Jeremy,10/20/1987,***-**-1184,AL
Rodriguez,Anthony,02/09/1983,***-**-3865,ID
Lopez,Kristen,01/02/1978,***-**-8194,VA
Mcdonald,Mark,06/27/1984,***-**-0101,MT
Freeman,Robert,01/01/1984,***-**-5211,AR
Reynolds,Michael,10/30/1994,***-**-8507,CA
Little,Kristine,07/10/1974,***-**-1771,SD
Barnes,April,02/15/1983,***-**-3288,RI
Hodges,Pamela,02/19/1989,***-**-1423,UT
Gilbert,Ronald,05/26/1974,***-**-4448,WY
Cooper,Thomas,08/17/1972,***-**-9890,CO
Harrington,Dakota,08/24/1972,***-**-7188,VA
Porter,Jennifer,01/20/1991,***-**-5572,WI
Jordan,Beverly,08/15/1986,***-**-3762,NM
Brown,Mark,04/02/1975,***-**-8531,CA
Ford,Amy,06/05/1974,***-**-6461,NC
King,Benjamin,05/07/1973,***-**-8165,RI
Bryant,Stephen,05/15/1991,***-**-6488,SD
Williams,Brandi,10/15/1989,***-**-8500,MD
Hutchinson,Ashley,04/26/1994,***-**-1510,SC
Pacheco,Alisha,01/13/1982,***-**-2496,MI
Campbell,Robert,02/27/1973,***-**-9581,SD
Sanders,Sandra,10/06/1980,***-**-1673,RI
Hensley,Katherine,05/29/1991,***-**-7226,CT
Cox,Stacy,11/08/1976,***-**-0990,AL
Barton,Frank,06/10/1993,***-**-5568,MA
Kramer,Shannon,05/04/1980,***-**-7615,SC
James,Brenda,12/31/1977,***-**-3251,HI
Edwards,Paula,08/10/1988,***-**-0638,KS
Rowe,Jennifer,09/16/1980,***-**-9014,NY
Foster,David,01/09/1990,***-**-6956,MO
Boyle,William,01/30/1988,***-**-0490,AR
Greene,Christopher,05/29/1972,***-**-8446,ID
Fuller,Matthew,04/27/1980,***-**-2989,MS
Nguyen,Gabriela,12/17/1981,***-**-3729,WA
Diaz,Allison,03/25/1994,***-**-8927,AR
Jordan,Isaac,05/06/1986,***-**-0520,TX
Bailey,Cheryl,10/31/1991,***-**-1224,NC
Castillo,Julie,02/16/1988,***-**-4523,AK
Adams,Michael,12/10/1986,***-**-3927,FL
Parsons,Melinda,02/07/1986,***-**-8751,NE
Campbell,Robert,01/17/1987,***-**-3694,DE
Nelson,Julie,08/08/1994,***-**-1332,SD
Nelson,Steven,04/14/1989,***-**-2085,VT
Lynn,Hailey,03/25/1973,***-**-9488,CA
Nguyen,Dillon,05/26/1978,***-**-4552,IL
Miller,Hannah,10/18/1973,***-**-4657,NY
Harris,Jeffrey,05/25/1994,***-**-4763,KY
Welch,Daniel,08/08/1982,***-**-6950,IL
Jackson,Bryan,09/08/1982,***-**-8117,MD
George,Denise,09/07/1990,***-**-4879,WI
Carney,Alicia,09/10/1989,***-**-9437,OH
Peters,William,03/20/1986,***-**-7516,KY
Drake,Dustin,09/17/1993,***-**-5454,WV
Thornton,Jessica,01/03/1983,***-**-2381,KS
Wilson,Rebecca,06/08/1980,***-**-6629,MI
Lane,Katherine,11/01/1986,***-**-6820,NH
Harper,Sarah,07/27/1993,***-**-5891,AK
Hill,Jermaine,09/11/1988,***-**-5479,NJ
Marshall,Michael,04/05/1990,***-**-5125,MI
Mcbride,Kirsten,09/10/1973,***-**-2372,IA
Holmes,Rachael,07/30/1973,***-**-2067,GA
Foster,Leon,09/19/1975,***-**-3153,SC
Mcclain,David,08/02/1976,***-**-5430,OH
Lawrence,Emily,11/24/1991,***-**-1991,TN
Booth,Troy,12/27/1990,***-**-5141,TN
Ho,Stephanie,04/25/1983,***-**-3656,KS
Hendricks,Michele,03/10/1990,***-**-7341,MS
Harper,Eric,11/12/1986,***-**-2860,NV
Gomez,Jonathan,06/05/1993,***-**-4727,SD
Garcia,Kevin,11/25/1977,***-**-4722,NV
Lawson,Howard,04/13/1984,***-**-7664,MI
Robertson,Stacy,09/24/1974,***-**-0248,WY
Beck,John,07/27/1985,***-**-3635,AR
Morgan,Julia,03/18/1976,***-**-1731,WI
Leon,Allen,04/06/1975,***-**-9089,MI
Rios,James,03/04/1978,***-**-3987,ID
Wells,Ralph,10/19/1988,***-**-4237,KS
Chavez,Megan,10/08/1991,***-**-7659,CT
Patrick,Ashley,06/07/1974,***-**-0763,WY
Bowen,Bonnie,11/07/1993,***-**-5889,ID
Lawson,Andrew,04/05/1982,***-**-7313,MT
Chavez,Tonya,04/17/1984,***-**-5703,MT
Larson,Michelle,03/20/1980,***-**-3866,FL
Garrett,Mark,09/18/1985,***-**-4408,WY
Rivera,Chelsea,06/21/1987,***-**-0140,NH
Krause,Amanda,11/06/1977,***-**-4744,IL
Spencer,Paige,09/02/1991,***-**-8621,NY
Gonzales,Rhonda,06/07/1976,***-**-4110,ID
Kelly,Jasmine,06/30/1979,***-**-3251,MN
Sherman,Amy,08/04/1973,***-**-6029,NJ
Arroyo,David,04/16/1975,***-**-9403,FL
Lin,Robert,11/12/1975,***-**-0121,AZ
Wilson,Paul,06/19/1993,***-**-9871,IA
Meyers,Paul,03/13/1989,***-**-1680,HI
Elliott,Jessica,06/04/1978,***-**-1632,OH
Richmond,Anthony,10/05/1989,***-**-8935,AR
Rivera,William,03/08/1975,***-**-7032,SD
Villegas,Sheri,02/13/1985,***-**-8629,OR
Hopkins,Kelly,10/08/1984,***-**-6875,HI
Farrell,Darren,05/24/1991,***-**-5885,CA
Harmon,Darlene,05/05/1980,***-**-3052,WV
Lyons,Rachel,08/29/1972,***-**-0900,ME
Jacobs,David,02/28/1982,***-**-3682,FL
Weeks,Christina,10/15/1972,***-**-2028,PA
Anderson,Andrea,11/12/1984,***-**-5650,CT
Smith,Jennifer,01/31/1989,***-**-1748,GA
Andrews,Shirley,12/07/1981,***-**-5306,OH
Rivera,Adrian,02/13/1973,***-**-5638,MA
Mckinney,George,02/04/1984,***-**-7748,UT
Boyd,Hailey,11/17/1980,***-**-0270,NY
Harris,Tiffany,01/12/1983,***-**-9733,WV
Hunter,Mary,11/01/1977,***-**-6623,TX
Edwards,Robert,04/07/1980,***-**-5215,GA
Lambert,Barbara,09/07/1979,***-**-5353,ID
Armstrong,Angela,03/22/1990,***-**-2446,NY
Ward,Brett,09/27/1979,***-**-0204,MN
Sanchez,Troy,11/15/1990,***-**-2052,OK
Carter,Garrett,09/26/1988,***-**-7246,CA
Reeves,James,01/31/1988,***-**-1620,IN
Baker,Mary,07/08/1979,***-**-0954,MI
Bradley,Alexandra,06/13/1980,***-**-9390,AL
James,Aaron,03/25/1974,***-**-4596,OR
Wood,Thomas,08/21/1979,***-**-8269,TN
Jackson,Charlene,10/28/1989,***-**-8809,WY
Robbins,Mary,12/01/1975,***-**-9514,FL
Washington,Kayla,10/08/1985,***-**-6218,CT
Knapp,Kimberly,11/23/1992,***-**-1122,CO
Brown,Nicholas,09/18/1988,***-**-2869,SC
Marshall,Rebecca,05/06/1974,***-**-1020,PA
Smith,Mark,07/07/1979,***-**-5381,ND
Harrell,Adam,10/18/1981,***-**-0742,WV
Daniels,Steve,09/14/1980,***-**-3537,CO
Potter,Victoria,03/25/1988,***-**-4290,UT
Preston,Kathy,03/06/1990,***-**-9960,LA
Donaldson,Michael,01/01/1995,***-**-7624,CA
Bridges,Brian,02/22/1976,***-**-4546,MN
Gonzalez,Martha,01/17/1981,***-**-8342,KS
Rogers,Paul,01/10/1992,***-**-6284,MT
Galvan,Dawn,09/03/1989,***-**-8058,TN
West,Amber,01/19/1978,***-**-7363,ND
Guerrero,Christopher,01/29/1983,***-**-4036,WY
Brooks,Stacy,06/17/1991,***-**-4661,SC
Kaiser,Danielle,08/21/1975,***-**-9764,AL
Boyle,Taylor,09/26/1979,***-**-9756,MD
Howard,Donna,12/16/1978,***-**-3416,CA
Rios,Anne,11/26/1974,***-**-6513,HI
Barnes,Theresa,09/28/1976,***-**-2054,CT
Tate,Lori,03/08/1977,***-**-9123,NM
Baker,Alexandria,11/02/1974,***-**-3200,NV
Hensley,Stephen,09/30/1978,***-**-5372,GA
Fischer,Jennifer,11/19/1983,***-**-5609,UT
Robinson,Pamela,02/21/1981,***-**-4275,NM
Gonzalez,Brendan,08/02/1991,***-**-9993,SC
Turner,Richard,12/24/1982,***-**-9924,TN
Robinson,Michael,10/22/1973,***-**-2355,IL
Sharp,Patricia,07/13/1987,***-**-0306,MD
Avila,Elizabeth,03/15/1977,***-**-8453,NH
Martinez,Christopher,12/28/1978,***-**-8774,CT
Woods,Isaac,03/20/1984,***-**-6227,AK
Wolf,Adriana,10/17/1994,***-**-1702,OR
Pearson,David,06/14/1982,***-**-1781,AL
Kramer,Matthew,05/14/1988,***-**-4860,RI
Archer,Pamela,10/25/1987,***-**-2625,WV
Stout,Charles,12/05/1976,***-**-1997,KS
Boyd,Daniel,07/18/1978,***-**-1220,NY
Jones,Jimmy,02/19/1973,***-**-2030,MA
Hammond,Rebecca,02/21/1972,***-**-2706,LA
Diaz,Emily,12/04/1986,***-**-9174,AK
Wise,Chad,11/10/1988,***-**-1355,CO
Duran,Todd,01/14/1976,***-**-1832,KY
Mclaughlin,Brian,09/21/1987,***-**-2876,PA
Rogers,Katherine,05/13/1988,***-**-9500,ME
Adams,Joseph,01/18/1979,***-**-7778,WI
Lowery,David,10/21/1987,***-**-7963,UT
Young,Janice,07/07/1988,***-**-4863,WA
Matthews,Anna,02/09/1991,***-**-4474,TN
Garcia,Katie,03/22/1983,***-**-8462,AK
Estrada,Maria,04/30/1990,***-**-8108,LA
Smith,Ashley,07/16/1983,***-**-8720,TX
Wright,Amy,10/15/1991,***-**-8641,CA
Scott,Heather,08/20/1982,***-**-0361,NH
Anderson,John,05/30/1973,***-**-6681,NY
Anderson,John,01/07/1983,***-**-7935,UT
Harris,Kimberly,10/01/1988,***-**-5459,IA
Smith,Christopher,11/23/1976,***-**-2521,WI
Singh,Daniel,12/25/1980,***-**-7521,VA
Nguyen,Miranda,08/12/1981,***-**-2585,ME
Simpson,Gregory,07/09/1990,***-**-9365,CO
Brown,Daniel,04/19/1984,***-**-6526,NM
Thompson,Susan,05/17/1985,***-**-6074,TN
Johns,Rick,07/30/1984,***-**-7121,NV
Calhoun,Sean,07/31/1978,***-**-2261,SD
Holden,Alan,11/06/1994,***-**-6916,PA
Silva,Robin,07/14/1987,***-**-0453,AK
Conrad,Nicole,06/02/1985,***-**-6985,SD
Russell,Deanna,07/29/1972,***-**-9236,MD
Bailey,Joshua,07/20/1986,***-**-4031,WV
Patrick,Daniel,10/15/1972,***-**-8777,GA
Smith,William,06/04/1990,***-**-0654,AR
Grant,Kristin,08/23/1980,***-**-9693,WV
Velasquez,Kimberly,01/10/1989,***-**-4229,GA
Dalton,Michael,03/08/1994,***-**-2101,WI
Shaw,Jason,11/01/1985,***-**-4765,KY
Olson,Jonathon,07/08/1985,***-**-7767,SC
Perry,Andrea,02/01/1986,***-**-8897,CO
Nguyen,Anthony,10/09/1986,***-**-8472,WI
Christensen,Anthony,05/13/1983,***-**-8703,OH
Murphy,Paul,07/18/1975,***-**-9454,NJ
Stewart,Susan,04/23/1989,***-**-2712,GA
Warren,Scott,06/24/1985,***-**-3723,OH
Avery,Jennifer,08/08/1987,***-**-5062,LA
Vaughan,Alexander,08/22/1988,***-**-8562,MI
Parker,Laura,12/05/1973,***-**-6879,CO
Harrington,Derek,09/15/1990,***-**-2836,AR
Wells,Daniel,08/27/1994,***-**-7268,CA
Phillips,Kelly,11/05/1987,***-**-1324,MI
Bennett,Lauren,06/05/1985,***-**-4874,IA
Wolf,Aaron,04/09/1978,***-**-1149,WY
Wright,Julia,09/04/1980,***-**-6702,CO
Dennis,Cheryl,06/16/1986,***-**-0712,TX
Lopez,Donna,02/22/1985,***-**-5711,DE
Gibbs,Matthew,06/12/1984,***-**-9698,ID
Mitchell,Nancy,02/02/1988,***-**-9365,GA
Bullock,Ashley,07/23/1983,***-**-5394,MS
Moore,Andrew,01/03/1982,***-**-5178,ID
Martinez,Joseph,10/05/1973,***-**-9409,NH
Rodriguez,Yvette,09/11/1985,***-**-8123,OR
Barber,Carrie,11/09/1977,***-**-3083,LA
Sherman,Ashley,10/01/1984,***-**-1501,NE
Garcia,Craig,08/18/1994,***-**-3695,PA
Brown,Jerome,07/10/1992,***-**-9456,MD
Beck,Kevin,03/29/1981,***-**-7304,TN
Hansen,Travis,07/28/1981,***-**-6746,DE
Cook,Rodney,12/15/1994,***-**-6232,RI
Brown,Theresa,02/20/1993,***-**-3478,MN
Mercer,Wayne,09/21/1989,***-**-7254,MA
Lee,Mary,04/12/1982,***-**-7361,OH
Martin,Matthew,07/12/1993,***-**-7803,ID
Weber,Lee,12/03/1988,***-**-9830,CA
Wilson,James,07/23/1977,***-**-7343,OR
Clark,Angela,04/20/1988,***-**-3392,MN
Flynn,Allen,07/25/1994,***-**-7573,NH
Coleman,Darrell,08/24/1992,***-**-4198,WI
Wells,Patrick,08/03/1979,***-**-3209,MS
Beck,Tyler,10/20/1986,***-**-1385,HI
Jenkins,Michelle,11/29/1977,***-**-8254,NE
Miller,Scott,09/27/1991,***-**-3580,WY
Mcmillan,Maria,09/07/1973,***-**-3730,TX
Waller,Amy,10/01/1980,***-**-8763,MA
Thomas,Jacob,03/31/1976,***-**-8896,MS
Jones,Amanda,07/31/1993,***-**-0691,MN
Padilla,Edward,10/09/1993,***-**-5222,PA
Best,Debra,02/20/1973,***-**-3320,ND
Roberts,Gregory,01/27/1986,***-**-4496,IN
Wheeler,Suzanne,05/19/1985,***-**-2982,WI
Lewis,Ann,01/14/1976,***-**-0619,MT
Peterson,Michelle,06/25/1984,***-**-2154,MA
Thomas,Adam,12/30/1982,***-**-1297,VA
Owens,Donna,09/26/1987,***-**-6696,AL
Lyons,Pamela,09/27/1972,***-**-3318,AR
Lopez,Victor,10/26/1987,***-**-3964,NV
Miller,Matthew,04/07/1979,***-**-3517,CO
Foster,Kevin,10/18/1985,***-**-5090,WI
Stokes,Alyssa,04/01/1973,***-**-2432,OH
Saunders,Mark,08/23/1973,***-**-2640,VT
Chapman,Michael,03/13/1977,***-**-6874,OR
Farrell,Cole,01/29/1993,***-**-7973,IN
Estrada,Michael,10/12/1994,***-**-2448,OH
Martinez,Shaun,12/11/1982,***-**-5793,NC
Moon,Victoria,01/06/1976,***-**-8604,AZ
Peters,Brian,05/07/1982,***-**-3701,HI
Gonzalez,Jose,06/01/1992,***-**-9797,MD
Paul,John,11/20/1973,***-**-7180,KY
Smith,Stephanie,04/26/1978,***-**-1286,NH
Wilson,Lisa,11/09/1993,***-**-6950,AZ
Duran,Cody,01/15/1973,***-**-6706,NM
Johnson,Ann,06/01/1981,***-**-9046,NE
Hernandez,Paula,10/12/1975,***-**-2951,CA
Barber,Patrick,07/21/1991,***-**-9891,NY
Alvarado,Dennis,11/27/1973,***-**-4378,MT
Peterson,David,06/27/1973,***-**-7312,LA
Williams,Tina,11/04/1987,***-**-7775,OR
Koch,Bridget,02/23/1973,***-**-9714,WY
Hernandez,Adrian,09/08/1993,***-**-5101,NE
Potter,Andrea,12/26/1983,***-**-6384,NH
Williams,David,07/07/1990,***-**-6350,MA
Wright,Katherine,05/10/1987,***-**-3109,AR
Taylor,Kevin,04/19/1979,***-**-2293,NH
Mitchell,Latoya,03/15/1991,***-**-3607,ME
Smith,Tricia,01/24/1992,***-**-7866,CA
Miles,David,11/26/1993,***-**-2657,MI
Hoffman,Gina,03/20/1990,***-**-4213,UT
Whitney,Tamara,09/21/1975,***-**-9208,MO
Garcia,John,04/14/1987,***-**-3993,TX
Nunez,Craig,06/13/1972,***-**-6566,DE
Ross,Desiree,07/07/1981,***-**-2608,MS
Ramirez,Samantha,08/11/1981,***-**-7086,MD
Patton,David,11/19/1978,***-**-9705,PA
Lopez,Caroline,08/09/1981,***-**-1325,OK
Malone,Karen,09/03/1985,***-**-5442,CO
Wright,Daniel,12/31/1989,***-**-3803,FL
Miller,Brent,01/14/1978,***-**-9692,HI
Meyer,Mitchell,08/31/1991,***-**-7666,RI
Flores,Annette,04/19/1977,***-**-3196,NE
Hendrix,Wendy,08/19/1983,***-**-6634,WY
Cross,Alexis,08/11/1983,***-**-3694,MN
Jones,Jeffrey,06/27/1981,***-**-1822,SD
Walsh,Jessica,06/01/1976,***-**-2907,RI
Henderson,Sherry,02/15/1991,***-**-3768,FL
Johnson,Jennifer,02/17/1978,***-**-3102,OK
Ellison,Scott,03/31/1977,***-**-8653,NH
Baldwin,Denise,04/06/1992,***-**-7350,AL
James,Rebecca,12/04/1980,***-**-1514,MA
Gonzales,Sean,08/11/1981,***-**-8838,MO
Chavez,Mary,04/27/1990,***-**-2834,PA
Martinez,Ralph,02/26/1980,***-**-4024,WA
Stone,Thomas,03/29/1973,***-**-8227,DE
Anderson,Christopher,07/01/1974,***-**-1835,NC
Garcia,Allison,02/08/1983,***-**-0105,LA
Hall,Charles,09/15/1982,***-**-7617,PA
Roach,Lawrence,04/03/1991,***-**-2080,KY
Dougherty,Christopher,03/29/1978,***-**-0986,AL
Small,William,08/05/1990,***-**-0642,CO
May,Samuel,03/30/1988,***-**-0970,NJ
Lopez,Brian,02/13/1990,***-**-7558,DE
Clark,Amanda,07/23/1991,***-**-5043,MN
Taylor,Cody,11/13/1978,***-**-3700,SD
Love,Sherry,03/24/1975,***-**-8685,OR
Stone,Christine,11/07/1978,***-**-6503,KS
Diaz,Kristy,03/26/1988,***-**-1032,IA
Long,Amy,07/19/1982,***-**-7292,FL
Myers,Haley,03/20/1985,***-**-0757,MD
Holden,Michael,07/23/1975,***-**-7951,IN
Ferrell,Kelly,01/21/1982,***-**-2299,NH
Valdez,Rachel,05/21/1985,***-**-0852,UT
Roberson,Kristine,03/18/1981,***-**-0956,MN
Watson,Vincent,12/15/1974,***-**-8997,RI
Bailey,Elizabeth,07/15/1979,***-**-7230,MI
Mcmillan,Mark,07/08/1976,***-**-2503,MI
Long,Sheri,06/06/1978,***-**-5166,OH
Mccall,Daniel,07/12/1987,***-**-5314,NE
Malone,Dawn,04/19/1979,***-**-2070,TN
Romero,Evan,08/25/1994,***-**-3334,NM
Adams,Paul,04/19/1992,***-**-5765,WV
Holt,Tracy,10/20/1988,***-**-1413,AK
Wheeler,Charles,02/11/1972,***-**-5781,CA
Harris,Ashley,08/09/1993,***-**-7070,IL
Schmidt,Roberto,02/07/1994,***-**-1763,AL
Barton,Margaret,10/10/1975,***-**-0973,ID
Diaz,Michelle,09/25/1993,***-**-4889,ID
Duncan,Mike,12/15/1988,***-**-8115,MD
Thomas,Alexandra,01/12/1994,***-**-6760,SD
Murillo,Mark,09/22/1976,***-**-9915,MI
Dyer,Carol,03/12/1989,***-**-5545,HI
Williams,Daniel,11/17/1989,***-**-9146,NH
Suarez,Sandra,09/20/1980,***-**-9548,GA
Hamilton,Sarah,07/20/1976,***-**-3104,ND
Floyd,Sydney,03/31/1981,***-**-0722,CT
Hall,Jonathan,07/01/1978,***-**-6672,NE
Kim,Jennifer,10/03/1976,***-**-9504,MN
Sanchez,Kenneth,10/30/1980,***-**-8921,CA
Carroll,Joseph,05/09/1975,***-**-5984,ND
Arnold,Jennifer,10/18/1976,***-**-4368,AL
Le,David,08/31/1976,***-**-5444,MI
Clark,Jeffrey,06/28/1978,***-**-0316,MO
Reed,Jeffery,07/19/1985,***-**-6338,NJ
Kim,Laura,07/26/1974,***-**-3606,PA
Obrien,Derek,06/29/1990,***-**-6123,NH
Bishop,Brooke,12/18/1980,***-**-4107,CA
Miles,Peter,10/26/1976,***-**-3367,WA
Owen,Alex,10/07/1987,***-**-9252,AL
Fowler,Michael,08/28/1990,***-**-3995,TN
Rose,Katherine,01/19/1976,***-**-0446,MN
Waller,Daniel,04/23/1974,***-**-0011,KY
Johnson,Ronald,09/19/1973,***-**-8871,DE
Gutierrez,Austin,06/25/1979,***-**-0203,VT
Chang,Brandon,05/14/1984,***-**-6687,AL
Murphy,Alexander,05/05/1984,***-**-0664,UT
Mendoza,Stephanie,03/22/1977,***-**-8308,VT
Moore,Gregory,02/10/1982,***-**-6226,MA
Mendoza,Jonathan,12/30/1989,***-**-0262,MD
Phillips,Michelle,09/17/1988,***-**-2345,OK
Morgan,Justin,03/17/1976,***-**-5133,MI
Hubbard,Michael,09/09/1978,***-**-8972,CT
Little,Travis,05/14/1992,***-**-6995,WY
Kennedy,Susan,12/19/1988,***-**-4558,ME
Mcgrath,Emily,11/10/1973,***-**-7640,CO
Griffin,Sandra,11/13/1988,***-**-6533,NV
Sullivan,Jessica,01/07/1990,***-**-2665,WY
Mendoza,Timothy,06/09/1980,***-**-2367,NM
Pearson,Amanda,08/15/1979,***-**-9832,TN
Burnett,Jeffery,07/28/1984,***-**-4493,KS
Williams,Brian,01/12/1986,***-**-5701,MT
Dorsey,Randy,05/09/1974,***-**-0360,MO
Williams,Duane,10/14/1973,***-**-8818,NV
Beasley,Colleen,08/12/1977,***-**-3286,MA
Jackson,Brian,12/21/1985,***-**-9597,PA
Price,Cynthia,10/15/1991,***-**-6184,SD
Carter,Donald,07/16/1983,***-**-5922,HI
Schmitt,Lisa,04/23/1976,***-**-5980,TN
Nichols,Dustin,06/07/1977,***-**-9015,NE
Brown,Jay,04/24/1980,***-**-8736,TX
Lynch,Beth,02/13/1984,***-**-0814,AK
Mitchell,Mary,01/20/1982,***-**-3602,TX
Rush,Joshua,08/05/1986,***-**-2710,GA
David,Jillian,04/11/1973,***-**-4462,HI
Delgado,Anthony,09/19/1994,***-**-7837,FL
Wilson,Meghan,05/18/1988,***-**-4722,HI
Montgomery,Andrea,12/03/1991,***-**-6315,OH
Gray,Megan,10/12/1972,***-**-4006,NY
Brooks,Sarah,06/27/1991,***-**-6948,AR
Clark,Kaylee,05/29/1992,***-**-0753,WI
Martin,Joseph,04/13/1992,***-**-5396,AR
Rose,Donna,04/20/1989,***-**-1960,TN
Sawyer,Brandi,07/13/1979,***-**-9334,RI
Torres,James,01/19/1986,***-**-5026,DE
Malone,Jonathan,04/14/1984,***-**-9942,MN
Williams,Christine,08/15/1974,***-**-1974,MN
Young,Christopher,12/02/1988,***-**-1343,NE
Turner,David,02/13/1973,***-**-7108,IL
Estes,Gregory,10/04/1989,***-**-9235,KS
Vaughn,Shannon,12/27/1992,***-**-2444,AR
Mclaughlin,James,01/21/1981,***-**-1088,NC
Brown,Michael,01/13/1986,***-**-9682,OH
Crawford,Jennifer,07/21/1986,***-**-5861,FL
Carr,Michelle,06/22/1978,***-**-2759,CT
Love,Andrew,05/27/1991,***-**-9696,OH
Bennett,Anna,06/20/1977,***-**-6909,TN
Watts,William,10/12/1989,***-**-6883,MN
Williams,Cynthia,12/23/1978,***-**-5994,NY
Miles,Bruce,01/21/1982,***-**-0969,IA
Wilson,Amanda,05/23/1972,***-**-0767,NE
Riley,Joshua,11/08/1983,***-**-4874,IN
Torres,Carla,02/23/1987,***-**-7599,CT
Green,Mark,06/14/1977,***-**-6893,AZ
Goodwin,Stephanie,02/25/1986,***-**-5702,NC
Allen,Cameron,01/02/1986,***-**-8341,ID
Li,Harold,05/11/1983,***-**-2966,GA
Curry,Sara,06/05/1984,***-**-1678,ID
Wyatt,Caroline,11/12/1979,***-**-7063,NY
Perez,Nicole,09/28/1982,***-**-1455,MT
Garcia,Jacqueline,01/31/1991,***-**-8953,NC
Wright,Alexander,04/18/1979,***-**-7263,MN
Farrell,Heather,01/11/1978,***-**-0338,MA
Fernandez,Joseph,06/01/1978,***-**-4971,IL
Chandler,Timothy,03/26/1978,***-**-3897,NM
Jackson,Gregory,06/06/1973,***-**-0058,WY
Patterson,Thomas,05/06/1977,***-**-4561,VA
Suarez,Timothy,01/12/1977,***-**-3073,WI
Jensen,Jennifer,03/09/1991,***-**-4293,GA
Hogan,Andrew,06/08/1990,***-**-5943,ND
Hartman,Dale,10/01/1993,***-**-9502,ME
Williams,Jennifer,02/27/1977,***-**-9054,OK
Perez,Antonio,02/09/1980,***-**-4115,NC
Hicks,Joshua,01/07/1985,***-**-4786,KS
Thompson,Edward,08/31/1994,***-**-8605,OH
Zamora,Lee,03/17/1979,***-**-3321,UT
Rivers,Wyatt,02/07/1984,***-**-5135,KY
Reeves,Michelle,11/23/1972,***-**-1066,PA
Hopkins,Joanna,04/17/1973,***-**-2714,MA
Mitchell,Joseph,05/18/1980,***-**-7441,VA
Ray,Ariel,09/11/1972,***-**-2732,OR
Murray,Shawn,10/30/1990,***-**-5217,MS
Spears,Jose,03/01/1976,***-**-2675,NH
Mayer,Caroline,05/03/1973,***-**-2487,WY
Weaver,David,08/11/1976,***-**-2750,ME
Sullivan,Kelly,04/12/1988,***-**-7284,NV
Ramirez,Kyle,05/30/1984,***-**-2839,WA
Davis,Carrie,06/20/1984,***-**-6558,WA
Martinez,Catherine,04/28/1990,***-**-6917,NM
Lewis,Amanda,12/05/1988,***-**-0504,MT
Bailey,Katherine,03/04/1994,***-**-3545,WV
Smith,Rodney,05/08/1975,***-**-3105,NH
Saunders,Savannah,05/12/1984,***-**-2473,IA
Oneal,Claudia,04/01/1987,***-**-9008,TX
Johnson,Roy,03/30/1984,***-**-6344,AK
Smith,Michelle,07/08/1982,***-**-6834,NV
Haney,Amanda,04/11/1983,***-**-9019,IA
Fletcher,Theresa,10/22/1992,***-**-0535,VA
Green,Debra,07/20/1988,***-**-5376,SC
Cox,John,12/11/1985,***-**-7739,OH
Harris,Beth,12/22/1982,***-**-5871,RI
Mcconnell,Erica,07/01/1981,***-**-0878,MA
Johnson,Kimberly,01/22/1992,***-**-4304,PA
Aguirre,Kyle,10/24/1973,***-**-4469,NE
English,Nicole,04/30/1977,***-**-9164,HI
Turner,Bonnie,04/01/1973,***-**-0208,MD
Gillespie,Maurice,09/07/1984,***-**-8509,GA
Adams,Corey,10/08/1988,***-**-2578,OR
Nelson,Brett,06/20/1986,***-**-3049,MD
Nelson,Melody,01/23/1979,***-**-1931,VA
Young,James,04/12/1980,***-**-8557,ME
Smith,Robert,04/14/1994,***-**-0748,MS
Larson,Caroline,05/05/1990,***-**-7178,LA
Robinson,Megan,03/24/1973,***-**-1601,WV
Edwards,Shawn,01/19/1978,***-**-4865,LA
Evans,David,09/15/1977,***-**-6773,WA
Price,Julie,01/20/1993,***-**-3599,PA
Webster,Briana,02/08/1978,***-**-3704,PA
Oconnor,Robin,02/27/1978,***-**-0782,NH
Davidson,Albert,01/20/1975,***-**-9182,CA
Chen,Mark,04/02/1989,***-**-3553,WY
Lynn,Elizabeth,02/25/1992,***-**-8647,MA
Gonzalez,Tracy,11/01/1983,***-**-4059,WY
Fletcher,Patricia,06/30/1979,***-**-2311,RI
Salinas,Tammy,12/29/1980,***-**-3850,NC
Wright,Roger,03/04/1974,***-**-3080,MO
Castillo,Kelly,04/13/1992,***-**-7622,WA
Kelley,Charles,04/14/1993,***-**-1133,OK
Johnson,David,06/23/1985,***-**-9729,DE
Cervantes,David,01/08/1983,***-**-0082,WA
Lopez,Valerie,04/10/1983,***-**-0441,AL
Hayes,Sarah,11/20/1984,***-**-8195,CT
Arnold,Christina,10/20/1979,***-**-2313,NY
Bennett,Cynthia,11/26/1973,***-**-7899,MD
Huang,Michelle,04/09/1983,***-**-8363,UT
Dodson,Amanda,03/04/1973,***-**-6056,KS
Hawkins,Jeff,08/10/1992,***-**-5606,IL
Taylor,Patrick,07/29/1991,***-**-5595,MO
Howard,Elizabeth,11/05/1984,***-**-2641,AZ
White,Noah,04/30/1977,***-**-0897,SC
Jackson,Caroline,12/29/1983,***-**-4102,DE
Wright,Andrea,06/15/1978,***-**-8386,OH
Smith,Sara,01/02/1983,***-**-9188,TN
Rodriguez,Jennifer,04/23/1974,***-**-2538,NM
Terrell,Deanna,02/05/1990,***-**-5743,OK
Summers,Kristina,02/17/1989,***-**-3058,OR
Mercado,Laura,04/05/1974,***-**-9514,MI
Kane,Matthew,11/17/1990,***-**-9385,PA
White,Tamara,05/20/1980,***-**-6614,FL
Thompson,Samantha,06/04/1976,***-**-9230,NY
Mcmillan,John,03/02/1983,***-**-7301,NV
Webb,Andrea,12/11/1985,***-**-7815,VA
Odonnell,Lori,10/22/1989,***-**-2415,KS
Huerta,Ronald,12/13/1973,***-**-6058,OK
Foster,Chelsea,03/26/1974,***-**-4094,AK
Lopez,Daniel,09/07/1989,***-**-2639,AR
Jones,Jonathan,01/13/1977,***-**-7798,MN
Gaines,Jessica,04/23/1981,***-**-9332,CO
Morris,Timothy,06/16/1981,***-**-2962,WY
Campbell,Donna,07/14/1993,***-**-2369,NV
Martinez,Tonya,09/04/1972,***-**-7702,IA
Moore,Pamela,02/20/1980,***-**-9532,NJ
Ali,Michelle,05/05/1993,***-**-3823,KS
Gibson,Alexander,10/27/1983,***-**-1036,CO
Smith,Jay,03/06/1985,***-**-6315,CT
Watkins,Teresa,07/27/1972,***-**-5707,NY
Guzman,Bradley,05/08/1980,***-**-2817,WY
Young,Rhonda,06/03/1979,***-**-2336,NE
Davis,Brandon,07/22/1977,***-**-1621,AZ
Farmer,Brandon,08/10/1980,***-**-2601,TX
Murphy,Barbara,10/30/1989,***-**-9225,AR
King,James,04/21/1978,***-**-1432,AK
Kelly,Drew,03/25/1993,***-**-3264,WA
Wise,Virginia,02/18/1982,***-**-8887,OR
Hernandez,Mary,01/29/1990,***-**-5268,NY
Russell,Ryan,01/06/1975,***-**-3828,HI
Smith,Amanda,08/05/1989,***-**-3579,DE
Dunn,Morgan,07/13/1980,***-**-1601,AZ
Shaw,Kimberly,06/11/1973,***-**-7577,MA
Klein,Kathleen,01/15/1990,***-**-3388,NM
Meyers,Diana,09/13/1972,***-**-4296,TN
Smith,Logan,03/26/1990,***-**-0194,MN
Martin,Tracy,05/03/1975,***-**-0726,AK
Martin,Edwin,02/13/1988,***-**-9168,MO
Moran,Kelly,07/14/1976,***-**-0670,NV
Smith,Robert,01/12/1987,***-**-2300,ID
Martinez,Jane,01/30/1991,***-**-3977,AZ
Castillo,Denise,10/10/1983,***-**-0042,LA
Brock,Jonathon,04/30/1980,***-**-9917,CO
Franco,Amanda,09/24/1994,***-**-5413,AK
Robinson,Heather,11/20/1985,***-**-1929,MN
Stout,Kathryn,08/24/1987,***-**-9637,IA
Hopkins,Cory,03/13/1977,***-**-9491,AK
Snyder,Ryan,07/14/1982,***-**-9330,MA
Walker,Sara,08/16/1985,***-**-5423,NE
Garcia,Daniel,04/21/1979,***-**-3001,WI
Evans,Paul,06/25/1977,***-**-4302,MN
Olson,Elizabeth,01/22/1976,***-**-7163,MA
Romero,Ann,10/27/1989,***-**-4046,DE
Jensen,Thomas,02/23/1991,***-**-3430,OH
Davila,Brian,07/05/1982,***-**-3711,DE
Howard,Donna,03/31/1990,***-**-7432,MS
Massey,Kimberly,01/01/1981,***-**-4649,MO
Cross,Jeremy,11/22/1987,***-**-4632,HI
Thomas,Dennis,06/11/1989,***-**-5032,IN
Martin,Kenneth,08/24/1989,***-**-4681,MI
Brewer,Tyler,06/28/1972,***-**-9006,HI
Brooks,Scott,02/24/1972,***-**-4958,NY
Fritz,Derrick,12/05/1982,***-**-0071,IA
Munoz,Christine,11/17/1974,***-**-0149,MO
Robbins,Julie,11/23/1976,***-**-4571,IN
Cook,Rachel,03/03/1982,***-**-9042,NM
Hoffman,Kyle,12/25/1984,***-**-7692,MT
Nguyen,Nancy,07/05/1976,***-**-3939,VA
Wells,John,05/25/1993,***-**-3026,NH
Ellison,Robert,07/16/1979,***-**-9579,NE
Robinson,Keith,04/15/1978,***-**-3579,NC
Osborn,Dennis,11/15/1973,***-**-3531,MA
Hays,Ronald,12/21/1993,***-**-6430,TX
Brown,Leslie,06/15/1973,***-**-1806,NJ
Chapman,Maria,12/20/1973,***-**-7300,OK
Torres,Melissa,03/22/1981,***-**-6921,NM
Weaver,Joshua,11/20/1982,***-**-7030,IA
Martin,Crystal,08/29/1993,***-**-0679,ME
Ball,Sheri,08/04/1991,***-**-7548,AZ
Ritter,Steven,02/11/1986,***-**-8004,OH
Krause,Linda,12/22/1978,***-**-4382,SD
Myers,John,07/25/1989,***-**-1869,NJ
White,Mark,09/09/1992,***-**-7830,ID
Smith,Diana,12/02/1973,***-**-3506,IL
Lyons,Karen,06/09/1990,***-**-9081,OK
Glenn,Laura,10/20/1992,***-**-1468,TX
Spence,Diana,09/20/1983,***-**-4751,MA
Farley,Samantha,07/10/1977,***-**-2351,WA
Mitchell,Kayla,10/13/1975,***-**-9155,WI
Myers,Crystal,12/31/1980,***-**-6532,OH
Jones,Brooke,04/09/1979,***-**-2606,TN
Mueller,John,03/22/1987,***-**-7849,MD
Rosales,Karla,07/10/1983,***-**-1729,IL
Brown,Jennifer,08/23/1977,***-**-0700,MA
Jimenez,Blake,09/10/1977,***-**-3810,KS
Garcia,Michael,11/05/1980,***-**-4294,IL
Quinn,Jermaine,12/24/1989,***-**-1754,CA
Cruz,Patricia,04/22/1976,***-**-3822,IN
Mcintosh,Cameron,02/01/1975,***-**-8921,NV
Brewer,Michelle,06/10/1988,***-**-6836,OK
Nolan,Hannah,09/15/1978,***-**-1332,OK
Johnson,Erica,05/27/1978,***-**-9413,LA
Obrien,Jeremy,01/13/1982,***-**-7592,OR
